Брестская,Барановичский,Барановичи
Брестская,Барановичский,Городище
Брестская,Барановичский,Задвея
Брестская,Барановичский,Лесная
Брестская,Барановичский,Люшнево
Брестская,Барановичский,Малая Своротва
Брестская,Барановичский,Миловиды
Брестская,Барановичский,Молчадь
Брестская,Барановичский,Новая Мышь
Брестская,Барановичский,Подгорная
Брестская,Барановичский,Полонка
Брестская,Барановичский,Постаринье
Брестская,Барановичский,Стайки
Брестская,Барановичский,Тешевля
Брестская,Барановичский,Утес
Брестская,Березовский,Белоозерск
Брестская,Березовский,Березино
Брестская,Березовский,Бобровичи
Брестская,Березовский,Борки
Брестская,Березовский,Бронная Гора
Брестская,Березовский,Верхи
Брестская,Березовский,Высокое
Брестская,Березовский,Давид-Городок
Брестская,Березовский,Деревня
Брестская,Березовский,Доброе
Брестская,Березовский,Дуги
Брестская,Березовский,Здитово
Брестская,Березовский,Колония
Брестская,Березовский,Литва
Брестская,Березовский,Лососин
Брестская,Березовский,Люша
Брестская,Березовский,Медно
Брестская,Березовский,Невель
Брестская,Березовский,Осса
Брестская,Березовский,Паре
Брестская,Березовский,Первомайская
Брестская,Березовский,Пугачево
Брестская,Березовский,Рачки
Брестская,Березовский,Селец
Брестская,Березовский,Сосновка
Брестская,Березовский,Спорово
Брестская,Березовский,Старые Пески
Брестская,Березовский,Стригин
Брестская,Березовский,Судиловичи
Брестская,Березовский,Хороша
Брестская,Брестский,Брест
Брестская,Брестский,Днепровско
Брестская,Брестский,Домачево
Брестская,Брестский,Леплевка
Брестская,Брестский,Мотыкалы
Брестская,Брестский,Оберовщина
Брестская,Брестский,Приборово
Брестская,Брестский,Радваничи-Большие
Брестская,Брестский,Старое Село
Брестская,Брестский,Страдичи
Брестская,Брестский,Стрии
Брестская,Брестский,Томашевка
Брестская,Брестский,Чернавчицы
Брестская,Ганцевичский,Будча
Брестская,Ганцевичский,Ганцевичи
Брестская,Ганцевичский,Денисковичи
Брестская,Ганцевичский,Задубье
Брестская,Ганцевичский,Локтыши
Брестская,Ганцевичский,Люсино
Брестская,Ганцевичский,Мальковичи
Брестская,Ганцевичский,Огаревичи
Брестская,Ганцевичский,Раздяловичи
Брестская,Ганцевичский,Хотыничи
Брестская,Ганцевичский,Чудин
Брестская,Дрогичинский,Антополь
Брестская,Дрогичинский,Бездеж
Брестская,Дрогичинский,Головчицы
Брестская,Дрогичинский,Гутово
Брестская,Дрогичинский,Детковичи
Брестская,Дрогичинский,Дрогичин
Брестская,Дрогичинский,Заречка
Брестская,Дрогичинский,Малиновка
Брестская,Дрогичинский,Радостов
Брестская,Дрогичинский,Суличево
Брестская,Дрогичинский,Хомск
Брестская,Жабинковский,Жабинка
Брестская,Жабинковский,Хмелево
Брестская,Ивановский,Бусни
Брестская,Ивановский,Великая Гать
Брестская,Ивановский,Достоево
Брестская,Ивановский,Дружиловичи
Брестская,Ивановский,Иваново
Брестская,Ивановский,Карчово
Брестская,Ивановский,Колено
Брестская,Ивановский,Крытышин
Брестская,Ивановский,Молодово
Брестская,Ивановский,Мотоль
Брестская,Ивановский,Мохро
Брестская,Ивановский,Одрижин
Брестская,Ивановский,Ополь
Брестская,Ивановский,Потаповичи
Брестская,Ивановский,Снитово
Брестская,Ивановский,Тышковичи
Брестская,Ивацевичский,Бытень
Брестская,Ивацевичский,Волька
Брестская,Ивацевичский,Гортоль
Брестская,Ивацевичский,Гощево
Брестская,Ивацевичский,Добромысль
Брестская,Ивацевичский,Доманово
Брестская,Ивацевичский,Житлин
Брестская,Ивацевичский,Ивацевичи
Брестская,Ивацевичский,Квасевичи
Брестская,Ивацевичский,Колонск
Брестская,Ивацевичский,Коссово
Брестская,Ивацевичский,Краи
Брестская,Ивацевичский,Любищицы
Брестская,Ивацевичский,Мироним
Брестская,Ивацевичский,Нехачево
Брестская,Ивацевичский,Оброво
Брестская,Ивацевичский,Углы
Брестская,Каменецкий,Верховичи
Брестская,Каменецкий,Видомля
Брестская,Каменецкий,Войская
Брестская,Каменецкий,Волчин
Брестская,Каменецкий,Дмитровичи
Брестская,Каменецкий,Каменец
Брестская,Каменецкий,Каменюки
Брестская,Каменецкий,Омеленец
Брестская,Каменецкий,Пелище
Брестская,Каменецкий,Ратайчицы
Брестская,Кобринский,Батчи
Брестская,Кобринский,Береза
Брестская,Кобринский,Болота
Брестская,Кобринский,Верхолесье
Брестская,Кобринский,Вуйвичи
Брестская,Кобринский,Городец
Брестская,Кобринский,Грушево
Брестская,Кобринский,Девятки
Брестская,Кобринский,Дивин
Брестская,Кобринский,Именин
Брестская,Кобринский,Камень
Брестская,Кобринский,Кобрин
Брестская,Кобринский,Леликов
Брестская,Кобринский,Новоселки
Брестская,Кобринский,Октябрь
Брестская,Кобринский,Пески
Брестская,Кобринский,Повитье
Брестская,Кобринский,Тевли
Брестская,Кобринский,Хидры
Брестская,Лунинецкий,Богдановка
Брестская,Лунинецкий,Большие Чучевичи
Брестская,Лунинецкий,Бостынь
Брестская,Лунинецкий,Бродница
Брестская,Лунинецкий,Велута
Брестская,Лунинецкий,Воля
Брестская,Лунинецкий,Вулька
Брестская,Лунинецкий,Дворец
Брестская,Лунинецкий,Дятловичи
Брестская,Лунинецкий,Лахва
Брестская,Лунинецкий,Лунин
Брестская,Лунинецкий,Лунинец
Брестская,Лунинецкий,Межлесье
Брестская,Лунинецкий,Микашевичи
Брестская,Лунинецкий,Озерница
Брестская,Лунинецкий,Ракитно
Брестская,Лунинецкий,Синкевичи
Брестская,Ляховичский,Жеребковичи
Брестская,Ляховичский,Кожан-Городок
Брестская,Ляховичский,Кривошин
Брестская,Ляховичский,Куршиновичи
Брестская,Ляховичский,Липск
Брестская,Ляховичский,Ляховичи
Брестская,Ляховичский,Медведичи
Брестская,Ляховичский,Остров
Брестская,Ляховичский,Подлесье
Брестская,Ляховичский,Святица
Брестская,Ляховичский,Совейки
Брестская,Ляховичский,Трухановичи
Брестская,Ляховичский,Туховичи
Брестская,Малоритский,Бродятин
Брестская,Малоритский,Великорита
Брестская,Малоритский,Доропеевичи
Брестская,Малоритский,Збураж
Брестская,Малоритский,Луково
Брестская,Малоритский,Лыща
Брестская,Малоритский,Ляховцы
Брестская,Малоритский,Малечь
Брестская,Малоритский,Малорита
Брестская,Малоритский,Масевичи
Брестская,Малоритский,Меленково
Брестская,Малоритский,Мокраны
Брестская,Малоритский,Олтуш
Брестская,Малоритский,Орехово
Брестская,Малоритский,Радеж
Брестская,Малоритский,Хотислав
Брестская,Малоритский,Черняны
Брестская,Пинский,Березовичи
Брестская,Пинский,Березцы
Брестская,Пинский,Доброславка
Брестская,Пинский,Дубновичи
Брестская,Пинский,Дубой
Брестская,Пинский,Еловая
Брестская,Пинский,Завидчицы
Брестская,Пинский,Кончицы
Брестская,Пинский,Кочановичи
Брестская,Пинский,Купятичи
Брестская,Пинский,Ласицк
Брестская,Пинский,Лемешевичи
Брестская,Пинский,Логишин
Брестская,Пинский,Лосичи
Брестская,Пинский,Малая Плотница
Брестская,Пинский,Мерчицы
Брестская,Пинский,Молотковичи
Брестская,Пинский,Новый Двор
Брестская,Пинский,Озаричи
Брестская,Пинский,Охово
Брестская,Пинский,Парохонск
Брестская,Пинский,Пинск
Брестская,Пинский,Плещицы
Брестская,Пинский,Плоскинь
Брестская,Пинский,Плотница
Брестская,Пинский,Поречье
Брестская,Пинский,Чухово
Брестская,Пинский,Шилин
Брестская,Пружанский,Бакуны
Брестская,Пружанский,Близная
Брестская,Пружанский,Броды
Брестская,Пружанский,Великое Село
Брестская,Пружанский,Вулька 1-я
Брестская,Пружанский,Добучин
Брестская,Пружанский,Колозубы
Брестская,Пружанский,Линово
Брестская,Пружанский,Лысково
Брестская,Пружанский,Могилевцы
Брестская,Пружанский,Пружаны
Брестская,Пружанский,Ровбицк
Брестская,Пружанский,Ружаны
Брестская,Пружанский,Скорцы
Брестская,Пружанский,Смоляница
Брестская,Пружанский,Хорево
Брестская,Пружанский,Шени
Брестская,Пружанский,Шерешево
Брестская,Пружанский,Юндилы
Брестская,Столинский,Белоуша
Брестская,Столинский,Бережное
Брестская,Столинский,Бухличи
Брестская,Столинский,Велемичи
Брестская,Столинский,Воловель
Брестская,Столинский,Вулька Малая
Брестская,Столинский,Глинка
Брестская,Столинский,Городная
Брестская,Столинский,Колодно
Брестская,Столинский,Куляны
Брестская,Столинский,Лядец
Брестская,Столинский,Нырча
Брестская,Столинский,Оздамичи
Брестская,Столинский,Ольманы
Брестская,Столинский,Осовцы
Брестская,Столинский,Посеничи
Брестская,Столинский,Речица
Брестская,Столинский,Рубель
Брестская,Столинский,Рухча-Первая
Брестская,Столинский,Сварынь
Брестская,Столинский,Семигостичи
Брестская,Столинский,Серебрище
Брестская,Столинский,Стахово
Брестская,Столинский,Столин
Брестская,Столинский,Струга
Брестская,Столинский,Теребличи
Брестская,Столинский,Федоры
Брестская,Столинский,Хоромск
Брестская,Столинский,Хотомель
Витебская,Бешенковичский,Бешенковичи
Витебская,Бешенковичский,Бочейково
Витебская,Бешенковичский,Будилово
Витебская,Бешенковичский,Верховье
Витебская,Бешенковичский,Забелье
Витебская,Бешенковичский,Остров
Витебская,Бешенковичский,Островно
Витебская,Бешенковичский,Плиса
Витебская,Бешенковичский,Рубеж
Витебская,Бешенковичский,Свеча
Витебская,Бешенковичский,Улла
Витебская,Браславский,Ахремовцы
Витебская,Браславский,Богино
Витебская,Браславский,Большой Озерецк
Витебская,Браславский,Бородиничи
Витебская,Браславский,Босяные
Витебская,Браславский,Браслав
Витебская,Браславский,Бухово
Витебская,Браславский,Видзы
Витебская,Браславский,Воеводки
Витебская,Браславский,Возгеляны
Витебская,Браславский,Волесы
Витебская,Браславский,Воронь
Витебская,Браславский,Голбея
Витебская,Браславский,Городиловичи
Витебская,Браславский,Гриблы
Витебская,Браславский,Гридьки
Витебская,Браславский,Гурец
Витебская,Браславский,Далекие
Витебская,Браславский,Домути
Витебская,Браславский,Дрисвяты
Витебская,Браславский,Друйск
Витебская,Браславский,Друя
Витебская,Браславский,Дулино
Витебская,Браславский,Едловичи
Витебская,Браславский,Жауры
Витебская,Браславский,Загоряне
Витебская,Браславский,Задетуни
Витебская,Браславский,Заесье
Витебская,Браславский,Иказнь
Витебская,Браславский,Искозы
Витебская,Браславский,Канево
Витебская,Браславский,Караевичи
Витебская,Браславский,Козьяны
Витебская,Браславский,Козяны
Витебская,Браславский,Коковино
Витебская,Браславский,Конаши
Витебская,Браславский,Конный Бор
Витебская,Браславский,Кончани
Витебская,Браславский,Костеево
Витебская,Браславский,Лиопино
Витебская,Браславский,Лозичи
Витебская,Браславский,Малашенки
Витебская,Браславский,Манулки
Витебская,Браславский,Мацуты
Витебская,Браславский,Межа
Витебская,Браславский,Межаны
Витебская,Браславский,Мишутки
Витебская,Браславский,Мозолово
Витебская,Браславский,Низкоборье
Витебская,Браславский,Новая Земля
Витебская,Браславский,Норковичи
Витебская,Браславский,Обруб-Березвечский
Витебская,Браславский,Опса
Витебская,Браславский,Опса
Витебская,Браславский,Осово
Витебская,Браславский,Пантелейки
Витебская,Браславский,Плюсы
Витебская,Браславский,Погостище
Витебская,Браславский,Погоща
Витебская,Браславский,Приперное
Витебская,Браславский,Раветичи
Витебская,Браславский,Рамшино
Витебская,Браславский,Ромальдово
Витебская,Браславский,Рюм
Витебская,Браславский,Савченки
Витебская,Браславский,Свольно
Витебская,Браславский,Свядица
Витебская,Браславский,Слободка
Витебская,Браславский,Стальмаково
Витебская,Браславский,Стариновичи
Витебская,Браславский,Суромщина
Витебская,Браславский,Теплюки
Витебская,Браславский,Тетерки
Витебская,Браславский,Тимошково
Витебская,Браславский,Тофели
Витебская,Браславский,Усяны
Витебская,Браславский,Хомищево
Витебская,Браславский,Цевьи
Витебская,Браславский,Шерстово
Витебская,Браславский,Шклянцы
Витебская,Браславский,Щеперня
Витебская,Браславский,Щербы
Витебская,Верхнедвинский,Бигосово
Витебская,Верхнедвинский,Борковичи
Витебская,Верхнедвинский,Верхнедвинск
Витебская,Верхнедвинский,Волынцы
Витебская,Верхнедвинский,Дерновичи
Витебская,Верхнедвинский,Зельки
Витебская,Верхнедвинский,Кохановичи
Витебская,Верхнедвинский,Лисно
Витебская,Верхнедвинский,Освея
Витебская,Верхнедвинский,Первомайская
Витебская,Верхнедвинский,Росица
Витебская,Верхнедвинский,Сарья
Витебская,Верхнедвинский,Стрелки
Витебская,Витебский,Белый Двор
Витебская,Витебский,Беляи
Витебская,Витебский,Витебск
Витебская,Витебский,Вороны
Витебская,Витебский,Гора
Витебская,Витебский,Должа
Витебская,Витебский,Дрожаки
Витебская,Витебский,Дубиново
Витебская,Витебский,Еремино
Витебская,Витебский,Загородно
Витебская,Витебский,Загорье
Витебская,Витебский,Замосточье
Витебская,Витебский,Заречье
Витебская,Витебский,Зароново
Витебская,Витебский,Заслоново
Витебская,Витебский,Княжица
Витебская,Витебский,Комаи
Витебская,Витебский,Коммунарка
Витебская,Витебский,Копти
Витебская,Витебский,Кострово
Витебская,Витебский,Кравцово
Витебская,Витебский,Курино
Витебская,Витебский,Липовка
Витебская,Витебский,Липск
Витебская,Витебский,Ложок
Витебская,Витебский,Луговая
Витебская,Витебский,Лыськово
Витебская,Витебский,Малиновка
Витебская,Витебский,Низкий Городец
Витебская,Витебский,Озеры
Витебская,Витебский,Оконо
Витебская,Витебский,Ольгово
Витебская,Витебский,Ольховик
Витебская,Витебский,Осиновка
Витебская,Витебский,Остановка
Витебская,Витебский,Островские
Витебская,Витебский,Посад
Витебская,Витебский,Пятигорск
Витебская,Витебский,Ровное
Витебская,Витебский,Романово
Витебская,Витебский,Руба
Витебская,Витебский,Саньково
Витебская,Витебский,Скрыдлево
Витебская,Витебский,Сосновка
Витебская,Витебский,Сосновый Бор
Витебская,Витебский,Староселье
Витебская,Витебский,Столбцы
Витебская,Витебский,Стриги
Витебская,Витебский,Сураж
Витебская,Витебский,Фролово
Витебская,Витебский,Шатилово
Витебская,Витебский,Шо
Витебская,Витебский,Яновичи
Витебская,Глубокский,Глубокое
Витебская,Глубокский,Залесье
Витебская,Глубокский,Зябки
Витебская,Глубокский,Кульгаи
Витебская,Глубокский,Мосар
Витебская,Глубокский,Подсвилье
Витебская,Глубокский,Прозороки
Витебская,Глубокский,Псуя
Витебская,Глубокский,Узречье
Витебская,Глубокский,Урожайная
Витебская,Городокский,Большие Стайки
Витебская,Городокский,Веречье
Витебская,Городокский,Вировля
Витебская,Городокский,Городок
Витебская,Городокский,Гурки
Витебская,Городокский,Езерище
Витебская,Городокский,Меховое
Витебская,Городокский,Новый Болецк
Витебская,Городокский,Пролетарск
Витебская,Городокский,Смоловка
Витебская,Городокский,Хвошно
Витебская,Городокский,Холомерье
Витебская,Докшицкий,Барсуки
Витебская,Докшицкий,Бегомль
Витебская,Докшицкий,Березино
Витебская,Докшицкий,Бересневка
Витебская,Докшицкий,Волколата
Витебская,Докшицкий,Докшицы
Витебская,Докшицкий,Комайск
Витебская,Докшицкий,Крулевщина
Витебская,Докшицкий,Нестеровщина
Витебская,Докшицкий,Парафьяново
Витебская,Докшицкий,Понизовье
Витебская,Докшицкий,Порплище
Витебская,Докшицкий,Торгуны
Витебская,Докшицкий,Юрковщина
Витебская,Дубровенский,Баево
Витебская,Дубровенский,Боброво
Витебская,Дубровенский,Добрынь
Витебская,Дубровенский,Дубровно
Витебская,Дубровенский,Ляды
Витебская,Дубровенский,Осинторф
Витебская,Дубровенский,Россасно
Витебская,Дубровенский,Якубово
Витебская,Лепельский,Большой Полсвиж
Витебская,Лепельский,Домжерицы
Витебская,Лепельский,Камень
Витебская,Лепельский,Лепель
Витебская,Лепельский,Новые Волосовичи
Витебская,Лепельский,Пышно
Витебская,Лепельский,Старое Лядно
Витебская,Лепельский,Юхновка
Витебская,Лиозненский,Бабиновичи
Витебская,Лиозненский,Велешковичи
Витебская,Лиозненский,Великое Село
Витебская,Лиозненский,Высочаны
Витебская,Лиозненский,Выходцы
Витебская,Лиозненский,Добромысли
Витебская,Лиозненский,Заольша
Витебская,Лиозненский,Ковали
Витебская,Лиозненский,Колышки
Витебская,Лиозненский,Крынки
Витебская,Лиозненский,Лиозно
Витебская,Лиозненский,Осипово
Витебская,Лиозненский,Стасево
Витебская,Миорский,Борки
Витебская,Миорский,Волковщина
Витебская,Миорский,Дворное Село
Витебская,Миорский,Дисна
Витебская,Миорский,Заутье
Витебская,Миорский,Канцерово
Витебская,Миорский,Леонполь
Витебская,Миорский,Миоры
Витебская,Миорский,Николаево
Витебская,Миорский,Новгороды
Витебская,Миорский,Новый Погост
Витебская,Миорский,Повятье
Витебская,Миорский,Погост
Витебская,Миорский,Слобода
Витебская,Миорский,Черес
Витебская,Миорский,Язно
Витебская,Оршанский,Барань
Витебская,Оршанский,Боровуха 1-я
Витебская,Оршанский,Бурое
Витебская,Оршанский,Высокое
Витебская,Оршанский,Жегули
Витебская,Оршанский,Зайково
Витебская,Оршанский,Заполье
Витебская,Оршанский,Зубово
Витебская,Оршанский,Клюковка
Витебская,Оршанский,Копысь
Витебская,Оршанский,Крапивно
Витебская,Оршанский,Лисуны
Витебская,Оршанский,Луговские
Витебская,Оршанский,Милашки
Витебская,Оршанский,Ореховск
Витебская,Оршанский,Орша
Витебская,Оршанский,Росский Селец
Витебская,Оршанский,Стайки
Витебская,Оршанский,Струсто
Витебская,Оршанский,Шаши
Витебская,Оршанский,Юрцево
Витебская,Оршанский,Яковлевичи
Витебская,Полоцкий,Адамово
Витебская,Полоцкий,Азино
Витебская,Полоцкий,Бабцы
Витебская,Полоцкий,Белое Село
Витебская,Полоцкий,Бобыничи
Витебская,Полоцкий,Веремеево
Витебская,Полоцкий,Ветрино
Витебская,Полоцкий,Волча
Витебская,Полоцкий,Вороничи
Витебская,Полоцкий,Глоты
Витебская,Полоцкий,Гомель
Витебская,Полоцкий,Горчаки
Витебская,Полоцкий,Горы
Витебская,Полоцкий,Горяны
Витебская,Полоцкий,Грамоще
Витебская,Полоцкий,Домники
Витебская,Полоцкий,Дретунь
Витебская,Полоцкий,Дубравы
Витебская,Полоцкий,Заозерье
Витебская,Полоцкий,Заскорки
Витебская,Полоцкий,Захарничи
Витебская,Полоцкий,Зеленка
Витебская,Полоцкий,Зубаки
Витебская,Полоцкий,Ковалева
Витебская,Полоцкий,Красники
Витебская,Полоцкий,Литовцы
Витебская,Полоцкий,Ловжа
Витебская,Полоцкий,Малое Ситно
Витебская,Полоцкий,Миловиды
Витебская,Полоцкий,Мирная
Витебская,Полоцкий,Мосейки
Витебская,Полоцкий,Навлица
Витебская,Полоцкий,Новая Полота
Витебская,Полоцкий,Новое Село
Витебская,Полоцкий,Новополоцк
Витебская,Полоцкий,Новые Крюки
Витебская,Полоцкий,Орлово
Витебская,Полоцкий,Подворица
Витебская,Полоцкий,Пола
Витебская,Полоцкий,Полоцк
Витебская,Полоцкий,Ремни
Витебская,Полоцкий,Ровное Поле
Витебская,Полоцкий,Русины
Витебская,Полоцкий,Семенцово
Витебская,Полоцкий,Ситенец
Витебская,Полоцкий,Смоленская Возвышенность
Витебская,Полоцкий,Смоляны
Витебская,Полоцкий,Соколово
Витебская,Полоцкий,Старая Белица
Витебская,Полоцкий,Старый Погост
Витебская,Полоцкий,Труды
Витебская,Полоцкий,Туровля
Витебская,Полоцкий,Уно
Витебская,Полоцкий,Христово
Витебская,Полоцкий,Черное
Витебская,Полоцкий,Шпаковщина
Витебская,Поставский,Бель
Витебская,Поставский,Бельки
Витебская,Поставский,Воропаево
Витебская,Поставский,Дуниловичи
Витебская,Поставский,Курополье
Витебская,Поставский,Лынтупы
Витебская,Поставский,Новоселки
Витебская,Поставский,Полесье
Витебская,Поставский,Поставы
Витебская,Россонский,Горбачево
Витебская,Россонский,Заборье
Витебская,Россонский,Клястицы
Витебская,Россонский,Краснополье
Витебская,Россонский,Россоны
Витебская,Россонский,Селявщина
Витебская,Россонский,Соколище
Витебская,Россонский,Юховичи
Витебская,Россонский,Янковичи
Витебская,Сенненский,Алексиничи
Витебская,Сенненский,Белая Липа
Витебская,Сенненский,Богушевск
Витебская,Сенненский,Латыгаль
Витебская,Сенненский,Ледневичи
Витебская,Сенненский,Мошканы
Витебская,Сенненский,Оболь
Витебская,Сенненский,Рясно
Витебская,Сенненский,Сенно
Витебская,Сенненский,Яново
Витебская,Толочинский,Волосово
Витебская,Толочинский,Воронцевичи
Витебская,Толочинский,Горщевщина
Витебская,Толочинский,Коханово
Витебская,Толочинский,Обольцы
Витебская,Толочинский,Плоское
Витебская,Толочинский,Славени
Витебская,Толочинский,Славное
Витебская,Толочинский,Толочин
Витебская,Ушачский,Арлея
Витебская,Ушачский,Большие Дольцы
Витебская,Ушачский,Весницк
Витебская,Ушачский,Глыбочка
Витебская,Ушачский,Двор-Усвея
Витебская,Ушачский,Дубровка
Витебская,Ушачский,Жары
Витебская,Ушачский,Завечелье
Витебская,Ушачский,Задежье
Витебская,Ушачский,Косари
Витебская,Ушачский,Кругляны
Витебская,Ушачский,Кубличи
Витебская,Ушачский,Малые Дольцы
Витебская,Ушачский,Матырино
Витебская,Ушачский,Несино
Витебская,Ушачский,Полюдовичи
Витебская,Ушачский,Селище
Витебская,Ушачский,Сорочино
Витебская,Ушачский,Старое Село
Витебская,Ушачский,Старое Соколино
Витебская,Ушачский,Туросы
Витебская,Ушачский,Усая
Витебская,Ушачский,Ушачи
Витебская,Чашникский,Замошье
Витебская,Чашникский,Иванск
Витебская,Чашникский,Краснолуки
Витебская,Чашникский,Латыголичи
Витебская,Чашникский,Лукомль
Витебская,Чашникский,Новолукомль
Витебская,Чашникский,Октябрьский
Витебская,Чашникский,Соболи
Витебская,Чашникский,Тяпино
Витебская,Чашникский,Чашники
Витебская,Чашникский,Черея
Витебская,Шарковщинский,Веретеи
Витебская,Шарковщинский,Германовичи
Витебская,Шарковщинский,Иоды
Витебская,Шарковщинский,Лонские
Витебская,Шарковщинский,Лужки
Витебская,Шарковщинский,Столица
Витебская,Шарковщинский,Шарковщина
Витебская,Шумилинский,Добрино
Витебская,Шумилинский,Кордон
Витебская,Шумилинский,Кривое Село
Витебская,Шумилинский,Лесковичи
Витебская,Шумилинский,Мишковичи
Витебская,Шумилинский,Сиротино
Витебская,Шумилинский,Шумилино
Витебская,Шумилинский,Язвино
Гомельская,Брагинский,Асаревичи
Гомельская,Брагинский,Брагин
Гомельская,Брагинский,Верхние Жары
Гомельская,Брагинский,Гдень
Гомельская,Брагинский,Глуховичи
Гомельская,Брагинский,Дерновичи
Гомельская,Брагинский,Железники
Гомельская,Брагинский,Кливы
Гомельская,Брагинский,Комарин
Гомельская,Брагинский,Кононовщина
Гомельская,Брагинский,Красное
Гомельская,Брагинский,Малейки
Гомельская,Брагинский,Микуличи
Гомельская,Брагинский,Нижние Жары
Гомельская,Брагинский,Новая Иолча
Гомельская,Брагинский,Новая Мильча
Гомельская,Брагинский,Острогляды
Гомельская,Брагинский,Пирки
Гомельская,Брагинский,Рудня
Гомельская,Брагинский,Рудня-Маримонова
Гомельская,Брагинский,Сперижье
Гомельская,Брагинский,Сувиды
Гомельская,Брагинский,Углы
Гомельская,Брагинский,Чемерисы
Гомельская,Брагинский,Чернин
Гомельская,Буда-Кошелевский,Глазовка
Гомельская,Буда-Кошелевский,Губичи
Гомельская,Буда-Кошелевский,Дербичи
Гомельская,Буда-Кошелевский,Дуравичи
Гомельская,Буда-Кошелевский,Еленец
Гомельская,Буда-Кошелевский,Калинино
Гомельская,Буда-Кошелевский,Неговка
Гомельская,Буда-Кошелевский,Недойка
Гомельская,Буда-Кошелевский,Потаповка
Гомельская,Буда-Кошелевский,Радеево
Гомельская,Буда-Кошелевский,Рогинь
Гомельская,Буда-Кошелевский,Уваровичи
Гомельская,Буда-Кошелевский,Уза
Гомельская,Буда-Кошелевский,Ховхло
Гомельская,Буда-Кошелевский,Чеботовичи
Гомельская,Буда-Кошелевский,Шарибовка
Гомельская,Ветковский,Беседь
Гомельская,Ветковский,Великие Немки
Гомельская,Ветковский,Ветка
Гомельская,Ветковский,Даниловичи
Гомельская,Ветковский,Казацкие Болсуны
Гомельская,Ветковский,Неглюбка
Гомельская,Ветковский,Присно
Гомельская,Ветковский,Радуга
Гомельская,Ветковский,Светиловичи
Гомельская,Ветковский,Столбун
Гомельская,Ветковский,Шерстин
Гомельская,Гомельский,Бережцы
Гомельская,Гомельский,Бобовичи
Гомельская,Гомельский,Большая Крушиновка
Гомельская,Гомельский,Большевик
Гомельская,Гомельский,Васильевка
Гомельская,Гомельский,Грабовка
Гомельская,Гомельский,Еремино
Гомельская,Гомельский,Зябровка
Гомельская,Гомельский,Климовка
Гомельская,Гомельский,Костюковка
Гомельская,Гомельский,Малевичская Рудня
Гомельская,Гомельский,Маложин
Гомельская,Гомельский,Марковичи
Гомельская,Гомельский,Михальки
Гомельская,Гомельский,Михедовичи
Гомельская,Гомельский,Новая Гута
Гомельская,Гомельский,Новые Громыки
Гомельская,Гомельский,Очесо-Рудня
Гомельская,Гомельский,Поколюбичи
Гомельская,Гомельский,Прибор
Гомельская,Гомельский,Романовичи
Гомельская,Гомельский,Селицкая
Гомельская,Гомельский,Скрыгалово
Гомельская,Гомельский,Телеши
Гомельская,Гомельский,Тереничи
Гомельская,Гомельский,Терюха
Гомельская,Гомельский,Ужинец
Гомельская,Гомельский,Урицкое
Гомельская,Гомельский,Шарпиловка
Гомельская,Добрушский,Большие Селютичи
Гомельская,Добрушский,Гордуны
Гомельская,Добрушский,Гороховищи
Гомельская,Добрушский,Добруш
Гомельская,Добрушский,Жгуно-Буда
Гомельская,Добрушский,Корма
Гомельская,Добрушский,Красная Буда
Гомельская,Добрушский,Лешня
Гомельская,Добрушский,Тереховка
Гомельская,Ельский,Богутичи
Гомельская,Ельский,Валавск
Гомельская,Ельский,Движки
Гомельская,Ельский,Ельск
Гомельская,Ельский,Кочище
Гомельская,Ельский,Ремезы
Гомельская,Ельский,Скородное
Гомельская,Ельский,Словечно
Гомельская,Житковичский,Белев
Гомельская,Житковичский,Березняки
Гомельская,Житковичский,Бронислав
Гомельская,Житковичский,Вересница
Гомельская,Житковичский,Ветчин
Гомельская,Житковичский,Житковичи
Гомельская,Житковичский,Залютичи
Гомельская,Житковичский,Кольно
Гомельская,Житковичский,Люденевичи
Гомельская,Житковичский,Милевичи
Гомельская,Житковичский,Переров
Гомельская,Житковичский,Погост
Гомельская,Житковичский,Пуховичи
Гомельская,Житковичский,Тимошевичи
Гомельская,Житковичский,Туров
Гомельская,Житковичский,Хвоенск
Гомельская,Житковичский,Юркевичи
Гомельская,Жлобинский,Верхняя Олба
Гомельская,Жлобинский,Доброгоща
Гомельская,Жлобинский,Жлобин
Гомельская,Жлобинский,Китин
Гомельская,Жлобинский,Коротковичи
Гомельская,Жлобинский,Красный Берег
Гомельская,Жлобинский,Луки
Гомельская,Жлобинский,Майское
Гомельская,Жлобинский,Мормаль
Гомельская,Жлобинский,Пиревичи
Гомельская,Жлобинский,Проскурни
Гомельская,Жлобинский,Радуша
Гомельская,Жлобинский,Симоновичи
Гомельская,Жлобинский,Скепня
Гомельская,Жлобинский,Солоное
Гомельская,Жлобинский,Старая Рудня
Гомельская,Жлобинский,Стрешин
Гомельская,Жлобинский,Шихов
Гомельская,Жлобинский,Щедрин
Гомельская,Калинковичский,Великие Автюки
Гомельская,Калинковичский,Горбовичи
Гомельская,Калинковичский,Горочичи
Гомельская,Калинковичский,Гулевичи
Гомельская,Калинковичский,Дудичи
Гомельская,Калинковичский,Замостье
Гомельская,Калинковичский,Золотуха
Гомельская,Калинковичский,Калинковичи
Гомельская,Калинковичский,Козловичи
Гомельская,Калинковичский,Кротов
Гомельская,Калинковичский,Малые Автюки
Гомельская,Калинковичский,Михновичи
Гомельская,Калинковичский,Нахов
Гомельская,Калинковичский,Озаричи
Гомельская,Калинковичский,Хобное
Гомельская,Калинковичский,Холодники
Гомельская,Калинковичский,Хомичи
Гомельская,Калинковичский,Юровичи
Гомельская,Калинковичский,Якимовичи
Гомельская,Кормянский,Буда
Гомельская,Кормянский,Ворновка
Гомельская,Кормянский,Задубье
Гомельская,Кормянский,Каменка
Гомельская,Кормянский,Кляпин
Гомельская,Кормянский,Корма
Гомельская,Кормянский,Литвиновичи
Гомельская,Кормянский,Новые Журавичи
Гомельская,Кормянский,Октябрево
Гомельская,Кормянский,Себровичи
Гомельская,Кормянский,Сметаничи
Гомельская,Кормянский,Тульговичи
Гомельская,Кормянский,Холочье
Гомельская,Лельчицкий,Боровое
Гомельская,Лельчицкий,Буйновичи
Гомельская,Лельчицкий,Букча
Гомельская,Лельчицкий,Глушкевичи
Гомельская,Лельчицкий,Гребени
Гомельская,Лельчицкий,Данилевичи
Гомельская,Лельчицкий,Дзержинск
Гомельская,Лельчицкий,Дуброва
Гомельская,Лельчицкий,Жмурное
Гомельская,Лельчицкий,Замошье
Гомельская,Лельчицкий,Краснобережье
Гомельская,Лельчицкий,Лельчицы
Гомельская,Лельчицкий,Липляны
Гомельская,Лельчицкий,Милашевичи
Гомельская,Лельчицкий,Первомайск
Гомельская,Лельчицкий,Приболовичи
Гомельская,Лельчицкий,Синицкое Поле
Гомельская,Лельчицкий,Слобода
Гомельская,Лельчицкий,Средние Печи
Гомельская,Лельчицкий,Стодоличи
Гомельская,Лельчицкий,Тонеж
Гомельская,Лоевский,Бывальки
Гомельская,Лоевский,Деражичи
Гомельская,Лоевский,Крупейки
Гомельская,Лоевский,Липняки
Гомельская,Лоевский,Лоев
Гомельская,Лоевский,Мохов
Гомельская,Лоевский,Новая Борщовка
Гомельская,Лоевский,Переделка
Гомельская,Лоевский,Ручаевка
Гомельская,Лоевский,Хоминка
Гомельская,Мозырьский,Барбаров
Гомельская,Мозырьский,Козенки
Гомельская,Мозырьский,Махновичи
Гомельская,Мозырьский,Мелешковичи
Гомельская,Мозырьский,Мозырь
Гомельская,Мозырьский,Моисеевка
Гомельская,Мозырьский,Новая Рудня
Гомельская,Мозырьский,Осовец
Гомельская,Мозырьский,Прудок
Гомельская,Мозырьский,Романовка
Гомельская,Наровлянский,Александровка
Гомельская,Наровлянский,Вербовичи
Гомельская,Наровлянский,Головчицы
Гомельская,Наровлянский,Грушевка
Гомельская,Наровлянский,Демидов
Гомельская,Наровлянский,Красновка
Гомельская,Наровлянский,Наровля
Гомельская,Октябрьский,Алексеевка
Гомельская,Октябрьский,Бабчин
Гомельская,Октябрьский,Бартоломеевка
Гомельская,Октябрьский,Белобережская Рудня
Гомельская,Октябрьский,Белый Переезд
Гомельская,Октябрьский,Береговая Слобода
Гомельская,Октябрьский,Беседки
Гомельская,Октябрьский,Богдановичи
Гомельская,Октябрьский,Буда-Кошелево
Гомельская,Октябрьский,Васильково
Гомельская,Октябрьский,Вить
Гомельская,Октябрьский,Володарск
Гомельская,Октябрьский,Волосовичи
Гомельская,Октябрьский,Вороново
Гомельская,Октябрьский,Гарусты
Гомельская,Октябрьский,Глубочица
Гомельская,Октябрьский,Гомель
Гомельская,Октябрьский,Грабье
Гомельская,Октябрьский,Добрынь
Гомельская,Октябрьский,Довляды
Гомельская,Октябрьский,Дубровица
Гомельская,Октябрьский,Дьяковичи
Гомельская,Октябрьский,Загорье
Гомельская,Октябрьский,Зарубаное
Гомельская,Октябрьский,Зеленый Мох
Гомельская,Октябрьский,Зимовище
Гомельская,Октябрьский,Зломное
Гомельская,Октябрьский,Ипполитовка
Гомельская,Октябрьский,Карналин
Гомельская,Октябрьский,Кнышевичи
Гомельская,Октябрьский,Кожушки
Гомельская,Октябрьский,Козлы
Гомельская,Октябрьский,Колыбань
Гомельская,Октябрьский,Конотоп
Гомельская,Октябрьский,Кравцовка
Гомельская,Октябрьский,Крушники
Гомельская,Октябрьский,Крынки
Гомельская,Октябрьский,Крюки
Гомельская,Октябрьский,Кузьмичи
Гомельская,Октябрьский,Липа
Гомельская,Октябрьский,Лисное
Гомельская,Октябрьский,Ломовичи
Гомельская,Октябрьский,Ломыш
Гомельская,Октябрьский,Лохница
Гомельская,Октябрьский,Лубень
Гомельская,Октябрьский,Любань
Гомельская,Октябрьский,Ляды
Гомельская,Октябрьский,Лясковичи
Гомельская,Октябрьский,Марьино
Гомельская,Октябрьский,Машево
Гомельская,Октябрьский,Молочки
Гомельская,Октябрьский,Новая Дуброва
Гомельская,Октябрьский,Новое Полесье
Гомельская,Октябрьский,Огородня-Кузьмининская
Гомельская,Октябрьский,Октябрь
Гомельская,Октябрьский,Октябрьский
Гомельская,Октябрьский,Петрицкое
Гомельская,Октябрьский,Поречье
Гомельская,Октябрьский,Протасы
Гомельская,Октябрьский,Расова
Гомельская,Октябрьский,Речки
Гомельская,Октябрьский,Руденка
Гомельская,Октябрьский,Рудня-Бартоломеевка
Гомельская,Октябрьский,Рудня-Каменева
Гомельская,Октябрьский,Семеновка
Гомельская,Октябрьский,Сивинка
Гомельская,Октябрьский,Сколодин
Гомельская,Октябрьский,Старо-высокое
Гомельская,Октябрьский,Старое Закружье
Гомельская,Октябрьский,Старые Новоселки
Гомельская,Октябрьский,Старые-Дятловичи
Гомельская,Октябрьский,Тесны
Гомельская,Октябрьский,Толстыки
Гомельская,Октябрьский,Уласы
Гомельская,Октябрьский,Усов
Гомельская,Октябрьский,Хоромцы
Гомельская,Октябрьский,Хорошовка
Гомельская,Октябрьский,Червонная Слобода
Гомельская,Октябрьский,Шкава
Гомельская,Октябрьский,Юшки
Гомельская,Петриковский,Бобрик
Гомельская,Петриковский,Бринев
Гомельская,Петриковский,Велавск
Гомельская,Петриковский,Грабов
Гомельская,Петриковский,Залесье
Гомельская,Петриковский,Зосинцы
Гомельская,Петриковский,Ивашковичи
Гомельская,Петриковский,Колки
Гомельская,Петриковский,Комаровичи
Гомельская,Петриковский,Конковичи
Гомельская,Петриковский,Копа
Гомельская,Петриковский,Копаткевичи
Гомельская,Петриковский,Копцевичи
Гомельская,Петриковский,Кошевичи
Гомельская,Петриковский,Куритичи
Гомельская,Петриковский,Лучицы
Гомельская,Петриковский,Макаричи
Гомельская,Петриковский,Новоселки
Гомельская,Петриковский,Петриков
Гомельская,Петриковский,Рог
Гомельская,Петриковский,Снядин
Гомельская,Петриковский,Теребов
Гомельская,Петриковский,Фастовичи
Гомельская,Речицкий,Артуки
Гомельская,Речицкий,Борхов
Гомельская,Речицкий,Бронное
Гомельская,Речицкий,Василевичи
Гомельская,Речицкий,Демьянки
Гомельская,Речицкий,Заспа
Гомельская,Речицкий,Капоровка
Гомельская,Речицкий,Ковчицы 1-е
Гомельская,Речицкий,Короватичи
Гомельская,Речицкий,Леваши
Гомельская,Речицкий,Лиски
Гомельская,Речицкий,Макановичи
Гомельская,Речицкий,Малодуша
Гомельская,Речицкий,Новые Дятловичи
Гомельская,Речицкий,Новый Барсук
Гомельская,Речицкий,Озерщина
Гомельская,Речицкий,Переволока
Гомельская,Речицкий,Придне
Гомельская,Речицкий,Радин
Гомельская,Речицкий,Речица
Гомельская,Речицкий,Ровенская Слобода
Гомельская,Речицкий,Сологубов
Гомельская,Речицкий,Солтаново
Гомельская,Речицкий,Старые Храковичи
Гомельская,Речицкий,Струмень
Гомельская,Речицкий,Узнож
Гомельская,Речицкий,Ходосовичи
Гомельская,Речицкий,Холмеч
Гомельская,Речицкий,Черное
Гомельская,Речицкий,Чижовка
Гомельская,Рогачевский,Белицк
Гомельская,Рогачевский,Гадиловичи
Гомельская,Рогачевский,Городец
Гомельская,Рогачевский,Довск
Гомельская,Рогачевский,Журавичи
Гомельская,Рогачевский,Заполье
Гомельская,Рогачевский,Звонец
Гомельская,Рогачевский,Кистени
Гомельская,Рогачевский,Красница
Гомельская,Рогачевский,Кривск
Гомельская,Рогачевский,Лучин
Гомельская,Рогачевский,Мадора
Гомельская,Рогачевский,Новый Кривск
Гомельская,Рогачевский,Озераны
Гомельская,Рогачевский,Поболово
Гомельская,Рогачевский,Рогачев
Гомельская,Рогачевский,Серебрянка
Гомельская,Рогачевский,Станьков
Гомельская,Рогачевский,Стреньки
Гомельская,Рогачевский,Тихиничи
Гомельская,Рогачевский,Турск
Гомельская,Рогачевский,Хатовня
Гомельская,Рогачевский,Шапчицы
Гомельская,Светлогорский,Боровики
Гомельская,Светлогорский,Здудичи
Гомельская,Светлогорский,Корени
Гомельская,Светлогорский,Осташковичи
Гомельская,Светлогорский,Паричи
Гомельская,Светлогорский,Светлогорск
Гомельская,Светлогорский,Сосновый Бор
Гомельская,Светлогорский,Хлевно
Гомельская,Светлогорский,Хутор
Гомельская,Светлогорский,Челюшевичи
Гомельская,Светлогорский,Чирковичи
Гомельская,Хойникский,Велетин
Гомельская,Хойникский,Великий Бор
Гомельская,Хойникский,Дворище
Гомельская,Хойникский,Дроньки
Гомельская,Хойникский,Ломачи
Гомельская,Хойникский,Омельковщина
Гомельская,Хойникский,Рудаков
Гомельская,Хойникский,Стреличево
Гомельская,Хойникский,Хойники
Гомельская,Чечерский,Беляевка
Гомельская,Чечерский,Ленин
Гомельская,Чечерский,Ленино
Гомельская,Чечерский,Меркуловичи
Гомельская,Чечерский,Покоть
Гомельская,Чечерский,Ровковичи
Гомельская,Чечерский,Сидоровичи
Гомельская,Чечерский,Чечерск
Гродненская,Берестовицкий,Берестовица
Гродненская,Берестовицкий,Большие Эйсмонты
Гродненская,Берестовицкий,Дворец
Гродненская,Берестовицкий,Малая Берестовица
Гродненская,Берестовицкий,Олекшицы
Гродненская,Берестовицкий,Сенкенята
Гродненская,Волковысский,Большие Шиловичи
Гродненская,Волковысский,Верейки
Гродненская,Волковысский,Верхненеманская
Гродненская,Волковысский,Войтковичи
Гродненская,Волковысский,Волковыск
Гродненская,Волковысский,Волковысская
Гродненская,Волковысский,Волпа
Гродненская,Волковысский,Духовляны
Гродненская,Волковысский,Зарудовье
Гродненская,Волковысский,Збляны
Гродненская,Волковысский,Мстибово
Гродненская,Волковысский,Подороск
Гродненская,Волковысский,Россь
Гродненская,Волковысский,Салтанишки
Гродненская,Волковысский,Сырмеж
Гродненская,Волковысский,Хатьковцы
Гродненская,Волковысский,Чапунь
Гродненская,Волковысский,Шиловичи
Гродненская,Вороновский,Бастуны
Гродненская,Вороновский,Бенякони
Гродненская,Вороновский,Вороново
Гродненская,Вороновский,Жирмуны
Гродненская,Вороновский,Заболоть
Гродненская,Вороновский,Конвелишки
Гродненская,Вороновский,Нача
Гродненская,Вороновский,Погородно
Гродненская,Вороновский,Полецкишки
Гродненская,Вороновский,Трокели
Гродненская,Гродненский,Богушевка
Гродненская,Гродненский,Большая Берестовица
Гродненская,Гродненский,Вертилишки
Гродненская,Гродненский,Глушнево
Гродненская,Гродненский,Гожа
Гродненская,Гродненский,Головачи
Гродненская,Гродненский,Грандичи
Гродненская,Гродненский,Гродно
Гродненская,Гродненский,Деревня
Гродненская,Гродненский,Житомля
Гродненская,Гродненский,Заберезь
Гродненская,Гродненский,Заполье
Гродненская,Гродненский,Индура
Гродненская,Гродненский,Калеты
Гродненская,Гродненский,Коптевка
Гродненская,Гродненский,Королино
Гродненская,Гродненский,Лаздуны
Гродненская,Гродненский,Новая Руда
Гродненская,Гродненский,Новики
Гродненская,Гродненский,Одельск
Гродненская,Гродненский,Озеры
Гродненская,Гродненский,Поречаны
Гродненская,Гродненский,Ратичи
Гродненская,Гродненский,Рудевичи
Гродненская,Гродненский,Рудня
Гродненская,Гродненский,Рыбница
Гродненская,Гродненский,Скидель
Гродненская,Гродненский,Скирдимы
Гродненская,Гродненский,Соничи
Гродненская,Гродненский,Сопоцкин
Гродненская,Гродненский,Стриевка
Гродненская,Гродненский,Суботники
Гродненская,Гродненский,Сухари
Гродненская,Гродненский,Суходолы
Гродненская,Гродненский,Шинковцы
Гродненская,Гродненский,Щенец
Гродненская,Дятловский,Вензовец
Гродненская,Дятловский,Демяновцы
Гродненская,Дятловский,Дятлово
Гродненская,Дятловский,Козловщина
Гродненская,Дятловский,Липичанка
Гродненская,Дятловский,Медвиновичи
Гродненская,Дятловский,Мир
Гродненская,Дятловский,Новоельня
Гродненская,Дятловский,Охоново
Гродненская,Дятловский,Подвеликое
Гродненская,Дятловский,Руда Яворская
Гродненская,Дятловский,Сочевляны
Гродненская,Зельвенский,Бородичи
Гродненская,Зельвенский,Деречин
Гродненская,Зельвенский,Зельва
Гродненская,Зельвенский,Золотеево
Гродненская,Зельвенский,Кривичи
Гродненская,Ивьевский,Геранены
Гродненская,Ивьевский,Ивье
Гродненская,Ивьевский,Каменчане
Гродненская,Ивьевский,Липнишки
Гродненская,Ивьевский,Малые Князиковцы
Гродненская,Ивьевский,Морино
Гродненская,Ивьевский,Токаришки
Гродненская,Ивьевский,Трабы
Гродненская,Ивьевский,Юратишки
Гродненская,Кореличский,Большие Жуховичи
Гродненская,Кореличский,Кореличи
Гродненская,Кореличский,Луки
Гродненская,Кореличский,Малюшичи
Гродненская,Кореличский,Миратичи
Гродненская,Кореличский,Турец
Гродненская,Кореличский,Цирин
Гродненская,Лидский,Бабиничи
Гродненская,Лидский,Березовка
Гродненская,Лидский,Ваверка
Гродненская,Лидский,Гончары
Гродненская,Лидский,Докудово
Гродненская,Лидский,Игнатковцы
Гродненская,Лидский,Крупово
Гродненская,Лидский,Лида
Гродненская,Лидский,Лунно
Гродненская,Лидский,Минойты
Гродненская,Лидский,Мотевичи
Гродненская,Лидский,Нетечь
Гродненская,Лидский,Паперня
Гродненская,Лидский,Первомайский
Гродненская,Лидский,Рулевичи
Гродненская,Лидский,Селец
Гродненская,Лидский,Симаково
Гродненская,Лидский,Соколово
Гродненская,Лидский,Стерково
Гродненская,Лидский,Ходоровцы
Гродненская,Мостовский,Барово
Гродненская,Мостовский,Бондари
Гродненская,Мостовский,Дубно
Гродненская,Мостовский,Куриловичи
Гродненская,Мостовский,Микелевщина
Гродненская,Мостовский,Мосты
Гродненская,Мостовский,Пацевичи
Гродненская,Мостовский,Пески
Гродненская,Мостовский,Погорелка
Гродненская,Мостовский,Рогозница
Гродненская,Мостовский,Сухиничи
Гродненская,Мостовский,Уртишки
Гродненская,Новогрудский,Большая Изва
Гродненская,Новогрудский,Валевка
Гродненская,Новогрудский,Вересково
Гродненская,Новогрудский,Вселюб
Гродненская,Новогрудский,Гнесичи
Гродненская,Новогрудский,Делятичи
Гродненская,Новогрудский,Ивесь
Гродненская,Новогрудский,Каменка
Гродненская,Новогрудский,Куписк
Гродненская,Новогрудский,Любча
Гродненская,Новогрудский,Негневичи
Гродненская,Новогрудский,Несутичи
Гродненская,Новогрудский,Новогрудок
Гродненская,Новогрудский,Отминово
Гродненская,Новогрудский,Сенежицы
Гродненская,Новогрудский,Щорсы
Гродненская,Островецкий,Быстрица
Гродненская,Островецкий,Ворняны
Гродненская,Островецкий,Гервяты
Гродненская,Островецкий,Гири
Гродненская,Островецкий,Гудогай
Гродненская,Островецкий,Древеники
Гродненская,Островецкий,Изабелин
Гродненская,Островецкий,Кемелишки
Гродненская,Островецкий,Клющаны
Гродненская,Островецкий,Мали
Гродненская,Островецкий,Маркуны
Гродненская,Островецкий,Михалишки
Гродненская,Островецкий,Островец
Гродненская,Островецкий,Рымдюны
Гродненская,Островецкий,Супроненты
Гродненская,Ошмянский,Боруны
Гродненская,Ошмянский,Гольшаны
Гродненская,Ошмянский,Жупраны
Гродненская,Ошмянский,Клевица
Гродненская,Ошмянский,Муровано-Ошмянка
Гродненская,Ошмянский,Новоселки
Гродненская,Ошмянский,Ошмянская
Гродненская,Ошмянский,Ошмяны
Гродненская,Ошмянский,Песчанка
Гродненская,Ошмянский,Привалка
Гродненская,Свислочский,Вердомичи
Гродненская,Свислочский,Горностаевичи
Гродненская,Свислочский,Гринки
Гродненская,Свислочский,Дашковичи
Гродненская,Свислочский,Доброволя
Гродненская,Свислочский,Новый Двор
Гродненская,Свислочский,Порозово
Гродненская,Свислочский,Свислочь
Гродненская,Свислочский,Студеники
Гродненская,Свислочский,Тиховоля
Гродненская,Свислочский,Хоневичи
Гродненская,Слонимский,Аталезь
Гродненская,Слонимский,Гловсевичи
Гродненская,Слонимский,Дубники
Гродненская,Слонимский,Жировицы
Гродненская,Слонимский,Залужье
Гродненская,Слонимский,Каменица
Гродненская,Слонимский,Колпаки
Гродненская,Слонимский,Костенево
Гродненская,Слонимский,Костени
Гродненская,Слонимский,Кули
Гродненская,Слонимский,Лепешки
Гродненская,Слонимский,Мижевичи
Гродненская,Слонимский,Михайловщина
Гродненская,Слонимский,Нагуевичи
Гродненская,Слонимский,Нестанишки
Гродненская,Слонимский,Ногородовичи
Гродненская,Слонимский,Озерница
Гродненская,Слонимский,Осташино
Гродненская,Слонимский,Острово
Гродненская,Слонимский,Павлово
Гродненская,Слонимский,Пелеса
Гродненская,Слонимский,Поречье
Гродненская,Слонимский,Самаровичи
Гродненская,Слонимский,Слоним
Гродненская,Слонимский,Сосновка
Гродненская,Слонимский,Старая Голынка
Гродненская,Слонимский,Струга
Гродненская,Слонимский,Сухая Долина
Гродненская,Слонимский,Ярутичи
Гродненская,Сморгоньский,Вишнево
Гродненская,Сморгоньский,Войстом
Гродненская,Сморгоньский,Жодишки
Гродненская,Сморгоньский,Залесье
Гродненская,Сморгоньский,Крево
Гродненская,Сморгоньский,Мицкевичи
Гродненская,Сморгоньский,Сивица
Гродненская,Сморгоньский,Сморгонь
Гродненская,Сморгоньский,Солы
Гродненская,Сморгоньский,Старая-Руда
Гродненская,Сморгоньский,Шутовичи
Гродненская,Щучинский,Бакшты
Гродненская,Щучинский,Бершты
Гродненская,Щучинский,Василишки
Гродненская,Щучинский,Демброво
Гродненская,Щучинский,Желудок
Гродненская,Щучинский,Малые Озерки
Гродненская,Щучинский,Мотыли
Гродненская,Щучинский,Орля
Гродненская,Щучинский,Острына
Гродненская,Щучинский,Рожанка
Гродненская,Щучинский,Таневичи
Гродненская,Щучинский,Ходилони
Гродненская,Щучинский,Щучин
Минская,Березинский,Березино
Минская,Березинский,Богушевичи
Минская,Березинский,Бор
Минская,Березинский,Дмитровичи
Минская,Березинский,Макаричи
Минская,Березинский,Маковье
Минская,Березинский,Маческ
Минская,Березинский,Микуличи
Минская,Березинский,Орешковичи
Минская,Березинский,Палик
Минская,Березинский,Погост
Минская,Березинский,Поплавы
Минская,Березинский,Притерпа
Минская,Березинский,Целевичи
Минская,Березинский,Шеверничи
Минская,Березинский,Якшицы
Минская,Борисовский,Барань
Минская,Борисовский,Бобровичи
Минская,Борисовский,Большое Стахово
Минская,Борисовский,Борисов
Минская,Борисовский,Бродовка
Минская,Борисовский,Бытча
Минская,Борисовский,Велятичи
Минская,Борисовский,Гливин
Минская,Борисовский,Житьково
Минская,Борисовский,Жортай
Минская,Борисовский,Забашевичи
Минская,Борисовский,Зачистье
Минская,Борисовский,Зембин
Минская,Борисовский,Зоричи
Минская,Борисовский,Корсаковичи
Минская,Борисовский,Кострица
Минская,Борисовский,Лошница
Минская,Борисовский,Моисеевщина
Минская,Борисовский,Мстиж
Минская,Борисовский,Неман
Минская,Борисовский,Нивки
Минская,Борисовский,Оздятичи
Минская,Борисовский,Пересады
Минская,Борисовский,Сутоки
Минская,Борисовский,Трояновка
Минская,Борисовский,Трояново
Минская,Борисовский,Черневичи
Минская,Вилейский,Баровцы
Минская,Вилейский,Бубны
Минская,Вилейский,Вилейка
Минская,Вилейский,Вязынь
Минская,Вилейский,Долгиново
Минская,Вилейский,Ижа
Минская,Вилейский,Илья
Минская,Вилейский,Костеневичи
Минская,Вилейский,Латыголь
Минская,Вилейский,Лыцевичи
Минская,Вилейский,Мильча
Минская,Вилейский,Осиповичи
Минская,Вилейский,Партизанский
Минская,Вилейский,Рабунь
Минская,Вилейский,Русское Село
Минская,Вилейский,Ручица
Минская,Вилейский,Стешицы
Минская,Вилейский,Талуть
Минская,Вилейский,Язни
Минская,Воложинский,Вишнево
Минская,Воложинский,Воложин
Минская,Воложинский,Городьки
Минская,Воложинский,Доры
Минская,Воложинский,Ивенец
Минская,Воложинский,Камень
Минская,Воложинский,Лоск
Минская,Воложинский,Раков
Минская,Воложинский,Саковщина
Минская,Воложинский,Турец-Бояры
Минская,Воложинский,Яршевичи
Минская,Дзержинский,Александровка
Минская,Дзержинский,Александрово
Минская,Дзержинский,Большие Бесяды
Минская,Дзержинский,Большое Быково
Минская,Дзержинский,Боровое
Минская,Дзержинский,Волма
Минская,Дзержинский,Восточный
Минская,Дзержинский,Горелый Луг
Минская,Дзержинский,Горное
Минская,Дзержинский,Гриневичи
Минская,Дзержинский,Даниловичи
Минская,Дзержинский,Дзержинск
Минская,Дзержинский,Добринево
Минская,Дзержинский,Дулебы
Минская,Дзержинский,Душково
Минская,Дзержинский,Жерновка
Минская,Дзержинский,Заостровичи
Минская,Дзержинский,Иваничи
Минская,Дзержинский,Каменка
Минская,Дзержинский,Кимия
Минская,Дзержинский,Кишина-Слобода
Минская,Дзержинский,Колки
Минская,Дзержинский,Корма
Минская,Дзержинский,Кременец
Минская,Дзержинский,Кристинполье
Минская,Дзержинский,Кузмичи
Минская,Дзержинский,Лостоянцы
Минская,Дзержинский,Лужаны
Минская,Дзержинский,Лютые
Минская,Дзержинский,Мардасы
Минская,Дзержинский,Машуки
Минская,Дзержинский,Мгле
Минская,Дзержинский,Мощница
Минская,Дзержинский,Негорелое
Минская,Дзержинский,Недаль
Минская,Дзержинский,Новая Дуброва
Минская,Дзержинский,Новое Село
Минская,Дзержинский,Озерцы
Минская,Дзержинский,Погодица
Минская,Дзержинский,Погост 2-Й
Минская,Дзержинский,Поречье
Минская,Дзержинский,Правда
Минская,Дзержинский,Прощицы
Минская,Дзержинский,Прудины
Минская,Дзержинский,Путчино
Минская,Дзержинский,Радица
Минская,Дзержинский,Речки
Минская,Дзержинский,Рубилки
Минская,Дзержинский,Руденка
Минская,Дзержинский,Рум
Минская,Дзержинский,Синча
Минская,Дзержинский,Станьково
Минская,Дзержинский,Старинки
Минская,Дзержинский,Фаниполь
Минская,Дзержинский,Хорошее
Минская,Дзержинский,Щемыслица
Минская,Дзержинский,Юшковичи
Минская,Дзержинский,Язовка
Минская,Дзержинский,Ясковичи
Минская,Клецкий,Грицевичи
Минская,Клецкий,Клецк
Минская,Клецкий,Морочь
Минская,Клецкий,Синявка
Минская,Копыльский,Блевчицы
Минская,Копыльский,Букатово
Минская,Копыльский,Бучатино
Минская,Копыльский,Ванелевичи
Минская,Копыльский,Веснино
Минская,Копыльский,Докторовичи
Минская,Копыльский,Душево
Минская,Копыльский,Колодезное
Минская,Копыльский,Копыль
Минская,Копыльский,Лотвины
Минская,Копыльский,Низковичи
Минская,Копыльский,Песочное
Минская,Копыльский,Прончейково
Минская,Копыльский,Семежево
Минская,Копыльский,Слобода-Кучинка
Минская,Копыльский,Старица
Минская,Копыльский,Тимковичи
Минская,Крупский,Белавичи
Минская,Крупский,Бобр
Минская,Крупский,Буда-Гресская
Минская,Крупский,Выдрица
Минская,Крупский,Глебовщина
Минская,Крупский,Грозово
Минская,Крупский,Дедиловичи
Минская,Крупский,Есьмановцы
Минская,Крупский,Жилин-Брод
Минская,Крупский,Журавок
Минская,Крупский,Журовка
Минская,Крупский,Игрушка
Минская,Крупский,Колодница
Минская,Крупский,Коптевщина
Минская,Крупский,Косеничи
Минская,Крупский,Костеши
Минская,Крупский,Крупки
Минская,Крупский,Крупский
Минская,Крупский,Курдуны
Минская,Крупский,Лисичино
Минская,Крупский,Малые Негновичи
Минская,Крупский,Матеевичи
Минская,Крупский,Мирославка
Минская,Крупский,Нача
Минская,Крупский,Обчуга
Минская,Крупский,Очижа
Минская,Крупский,Перетоки
Минская,Крупский,Потичево
Минская,Крупский,Птичанская
Минская,Крупский,Рованичская Слобода
Минская,Крупский,Соколовичи
Минская,Крупский,Старая Слобода
Минская,Крупский,Тройчаны
Минская,Крупский,Узнацк
Минская,Крупский,Ухвала
Минская,Крупский,Хидра
Минская,Крупский,Холопеничи
Минская,Крупский,Хотово
Минская,Крупский,Хотюхово
Минская,Крупский,Худовцы
Минская,Крупский,Черногрядь
Минская,Крупский,Чертовичи
Минская,Крупский,Шинки
Минская,Крупский,Яченка
Минская,Логойский,Березенское
Минская,Логойский,Гайна
Минская,Логойский,Гостиловичи
Минская,Логойский,Знаменка
Минская,Логойский,Козеково
Минская,Логойский,Корень
Минская,Логойский,Королищевичи
Минская,Логойский,Логойск
Минская,Логойский,Малые Гаяны
Минская,Логойский,Новопольцы
Минская,Логойский,Паперня
Минская,Логойский,Плещеницы
Минская,Логойский,Савони
Минская,Логойский,Семково
Минская,Логойский,Янушковичи
Минская,Любаньский,Дарасино
Минская,Любаньский,Доматкановичи
Минская,Любаньский,Заболоть
Минская,Любаньский,Закальное
Минская,Любаньский,Калиновка
Минская,Любаньский,Костюки
Минская,Любаньский,Любань
Минская,Любаньский,Ляховка
Минская,Любаньский,Нежин
Минская,Любаньский,Осовец
Минская,Любаньский,Пласток
Минская,Любаньский,Сосны
Минская,Любаньский,Таль
Минская,Любаньский,Уречье
Минская,Любаньский,Яминск
Минская,Минский,Белевичи
Минская,Минский,Большая Ганута
Минская,Минский,Большая Раевка
Минская,Минский,Брусы
Минская,Минский,Городище
Минская,Минский,Городок
Минская,Минский,Заславль
Минская,Минский,Колодищи
Минская,Минский,Колядичи
Минская,Минский,Лоша
Минская,Минский,Луговая
Минская,Минский,Любяча
Минская,Минский,Мервины
Минская,Минский,Минск
Минская,Минский,Михановичи
Минская,Минский,Мокрица
Минская,Минский,Низок
Минская,Минский,Новая Нива
Минская,Минский,Новые Денисовичи
Минская,Минский,Озерцо
Минская,Минский,Острошицкий Городок
Минская,Минский,Пережиры
Минская,Минский,Першай
Минская,Минский,Понятичи
Минская,Минский,Прусы
Минская,Минский,Пятевщина
Минская,Минский,Ратомка
Минская,Минский,Рог
Минская,Минский,Рогово
Минская,Минский,Рымаши
Минская,Минский,Самохваловичи
Минская,Минский,Слобода
Минская,Минский,Стайки
Минская,Минский,Старое Село
Минская,Минский,Студенка
Минская,Минский,Тарасово
Минская,Молодечненский,Дуброво
Минская,Молодечненский,Засковичи
Минская,Молодечненский,Красное
Минская,Молодечненский,Лебедево
Минская,Молодечненский,Молодечно
Минская,Молодечненский,Мясота
Минская,Молодечненский,Олехновичи
Минская,Молодечненский,Полочаны
Минская,Молодечненский,Радошковичи
Минская,Молодечненский,Раевка
Минская,Молодечненский,Турец
Минская,Мядельский,Будслав
Минская,Мядельский,Выголовичи
Минская,Мядельский,Константиново
Минская,Мядельский,Лукьяновичи
Минская,Мядельский,Мядель
Минская,Мядельский,Осово
Минская,Мядельский,Пузыри
Минская,Мядельский,Сватки
Минская,Мядельский,Свирь
Минская,Мядельский,Старые Габы
Минская,Мядельский,Черемшицы
Минская,Несвижский,Городея
Минская,Несвижский,Несвиж
Минская,Несвижский,Новоселки
Минская,Несвижский,Погорельцы
Минская,Несвижский,Сейловичи
Минская,Несвижский,Снов
Минская,Несвижский,Хожево
Минская,Пуховичский,Блужа
Минская,Пуховичский,Горелец
Минская,Пуховичский,Дукора
Минская,Пуховичский,Марьина Горка
Минская,Пуховичский,Октябрь
Минская,Пуховичский,Омельно
Минская,Пуховичский,Правдинский
Минская,Пуховичский,Пуховичи
Минская,Пуховичский,Руденск
Минская,Пуховичский,Селецк
Минская,Пуховичский,Сергеевичи
Минская,Пуховичский,Сутин
Минская,Пуховичский,Талька
Минская,Пуховичский,Узляны
Минская,Пуховичский,Цитва
Минская,Пуховичский,Шацк
Минская,Слуцкий,Болотчицы
Минская,Слуцкий,Великая Липа
Минская,Слуцкий,Великая Слива
Минская,Слуцкий,Весея
Минская,Слуцкий,Греск
Минская,Слуцкий,Замостье
Минская,Слуцкий,Козыри
Минская,Слуцкий,Ленино
Минская,Слуцкий,Никольцы
Минская,Слуцкий,Омговичи
Минская,Слуцкий,Рухово
Минская,Слуцкий,Селище
Минская,Слуцкий,Серяги
Минская,Слуцкий,Слуцк
Минская,Слуцкий,Сороги
Минская,Слуцкий,Шищицы
Минская,Смолевичский,Большой Рожан
Минская,Смолевичский,Верхмень
Минская,Смолевичский,Драчков
Минская,Смолевичский,Драчково
Минская,Смолевичский,Жодино
Минская,Смолевичский,Заболотье
Минская,Смолевичский,Зеленый Бор
Минская,Смолевичский,Пережир
Минская,Смолевичский,Плиса
Минская,Смолевичский,Рудня-Налибокская
Минская,Смолевичский,Смолевичи
Минская,Смолевичский,Уголец
Минская,Смолевичский,Усяжа
Минская,Смолевичский,Юрьево
Минская,Солигорский,Ананчицы
Минская,Солигорский,Большая Гуменовщина
Минская,Солигорский,Большие Городятичи
Минская,Солигорский,Веска
Минская,Солигорский,Вынищи
Минская,Солигорский,Гаврильчицы
Минская,Солигорский,Гоцк
Минская,Солигорский,Зажевичи
Минская,Солигорский,Копацевичи
Минская,Солигорский,Красная Слобода
Минская,Солигорский,Левки
Минская,Солигорский,Малые Нестановичи
Минская,Солигорский,Махновичи
Минская,Солигорский,Саковичи
Минская,Солигорский,Сковшин
Минская,Солигорский,Солигорск
Минская,Солигорский,Старобин
Минская,Солигорский,Челонец
Минская,Солигорский,Чепели
Минская,Солигорский,Шипиловичи
Минская,Стародорожский,Верхутино
Минская,Стародорожский,Залужье
Минская,Стародорожский,Кривоносы
Минская,Стародорожский,Пасека
Минская,Стародорожский,Пастовичи
Минская,Стародорожский,Солон
Минская,Стародорожский,Старые Дороги
Минская,Стародорожский,Теребуты
Минская,Стародорожский,Щитковичи
Минская,Стародорожский,Языль
Минская,Столбцовский,Деревное
Минская,Столбцовский,Засулье
Минская,Столбцовский,Клетище
Минская,Столбцовский,Литва
Минская,Столбцовский,Налибоки
Минская,Столбцовский,Николаевщина
Минская,Столбцовский,Опечки
Минская,Столбцовский,Пруды
Минская,Столбцовский,Рубежевичи
Минская,Столбцовский,Столбцы
Минская,Столбцовский,Тоново
Минская,Узденский,Зеньковичи
Минская,Узденский,Озеро
Минская,Узденский,Теляково
Минская,Узденский,Узда
Минская,Червеньский,Гребенка
Минская,Червеньский,Заполье
Минская,Червеньский,Клинок
Минская,Червеньский,Ляды
Минская,Червеньский,Рованичи
Минская,Червеньский,Рудня
Минская,Червеньский,Смиловичи
Минская,Червеньский,Хутор
Минская,Червеньский,Червень
Минская,Червеньский,Чернова
Могилевская,Белыничcкий,Белыничи
Могилевская,Белыничcкий,Головчин
Могилевская,Белыничcкий,Ермоловичи
Могилевская,Белыничcкий,Заполье
Могилевская,Белыничcкий,Новоселки
Могилевская,Белыничcкий,Староселье
Могилевская,Белыничcкий,Техтин
Могилевская,Бобруйский,Бобруйск
Могилевская,Бобруйский,Большие Бортники
Могилевская,Бобруйский,Брожа
Могилевская,Бобруйский,Вишневка
Могилевская,Бобруйский,Глуша
Могилевская,Бобруйский,Орсичи
Могилевская,Бобруйский,Осово
Могилевская,Бобруйский,Панкратовичи
Могилевская,Бобруйский,Петровичи
Могилевская,Бобруйский,Побоковичи
Могилевская,Бобруйский,Стасевка
Могилевская,Бобруйский,Сычково
Могилевская,Бобруйский,Телуша
Могилевская,Бобруйский,Турки
Могилевская,Быховский,Бовки
Могилевская,Быховский,Болонов Селец
Могилевская,Быховский,Быхов
Могилевская,Быховский,Виляховка
Могилевская,Быховский,Восточная
Могилевская,Быховский,Глухи
Могилевская,Быховский,Грудиновка
Могилевская,Быховский,Красница
Могилевская,Быховский,Красный Берег
Могилевская,Быховский,Кузьковичи
Могилевская,Быховский,Лудчицы
Могилевская,Быховский,Мокрое
Могилевская,Быховский,Никоновичи
Могилевская,Быховский,Новый Быхов
Могилевская,Быховский,Обидовичи
Могилевская,Быховский,Рыжковка
Могилевская,Быховский,Селец-Холопеев
Могилевская,Быховский,Тощица
Могилевская,Быховский,Хомичи
Могилевская,Быховский,Чечевичи
Могилевская,Быховский,Ямное
Могилевская,Глусский,Бабирово
Могилевская,Глусский,Балашевичи
Могилевская,Глусский,Глуск
Могилевская,Глусский,Городок
Могилевская,Глусский,Зубаревичи
Могилевская,Глусский,Клетное
Могилевская,Глусский,Симоновичи
Могилевская,Глусский,Славковичи
Могилевская,Горецкий,Горки
Могилевская,Горецкий,Добрая
Могилевская,Горецкий,Коптевка
Могилевская,Горецкий,Котелево
Могилевская,Горецкий,Ленино
Могилевская,Горецкий,Маслаки
Могилевская,Горецкий,Паршино
Могилевская,Горецкий,Рудковщина
Могилевская,Горецкий,Чепелинка
Могилевская,Дрибинский,Дрибин
Могилевская,Дрибинский,Жевань
Могилевская,Дрибинский,Кледневичи
Могилевская,Дрибинский,Рясна
Могилевская,Дрибинский,Темный Лес
Могилевская,Кировский,Белая Дубровка
Могилевская,Кировский,Белица
Могилевская,Кировский,Бобровичи
Могилевская,Кировский,Большая Комаровка
Могилевская,Кировский,Большое Черное
Могилевская,Кировский,Большой Осов
Могилевская,Кировский,Борки
Могилевская,Кировский,Будино
Могилевская,Кировский,Быковичи
Могилевская,Кировский,Быново
Могилевская,Кировский,Веть
Могилевская,Кировский,Вязьма
Могилевская,Кировский,Голынка
Могилевская,Кировский,Добосна
Могилевская,Кировский,Доманы
Могилевская,Кировский,Дубровка 1-я
Могилевская,Кировский,Дуброво
Могилевская,Кировский,Загатье
Могилевская,Кировский,Заозерье
Могилевская,Кировский,Зубры
Могилевская,Кировский,Кировск
Могилевская,Кировский,Козуличи
Могилевская,Кировский,Корытница
Могилевская,Кировский,Костинка
Могилевская,Кировский,Красная Белорусь
Могилевская,Кировский,Красная Буда
Могилевская,Кировский,Красное
Могилевская,Кировский,Кремок
Могилевская,Кировский,Круги
Могилевская,Кировский,Кузминичи
Могилевская,Кировский,Любоничи
Могилевская,Кировский,Могилев
Могилевская,Кировский,Моисеевичи
Могилевская,Кировский,Мышковичи
Могилевская,Кировский,Низки
Могилевская,Кировский,Норки
Могилевская,Кировский,Пеньковка
Могилевская,Кировский,Пильня
Могилевская,Кировский,Раздел
Могилевская,Кировский,Ржавцы
Могилевская,Кировский,Роги
Могилевская,Кировский,Рудня
Могилевская,Кировский,Сава
Могилевская,Кировский,Сергеевичи
Могилевская,Кировский,Скачок
Могилевская,Кировский,Слободка
Могилевская,Кировский,Смолка
Могилевская,Кировский,Старинка
Могилевская,Кировский,Старый Остров
Могилевская,Кировский,Старый Стан
Могилевская,Кировский,Тереховка
Могилевская,Кировский,Тетерино
Могилевская,Кировский,Усохи
Могилевская,Кировский,Устье
Могилевская,Кировский,Ушаки
Могилевская,Кировский,Чашники
Могилевская,Кировский,Чигиринка
Могилевская,Кировский,Щекотово
Могилевская,Кировский,Юрьево
Могилевская,Климовичский,Борисовичи
Могилевская,Климовичский,Великий Мох
Могилевская,Климовичский,Галичи
Могилевская,Климовичский,Домамеричи
Могилевская,Климовичский,Забелышин
Могилевская,Климовичский,Звенчатка
Могилевская,Климовичский,Климовичи
Могилевская,Климовичский,Красавичи
Могилевская,Климовичский,Лобжа
Могилевская,Климовичский,Макеевичи
Могилевская,Климовичский,Милославичи
Могилевская,Климовичский,Недведь
Могилевская,Климовичский,Осмоловичи
Могилевская,Климовичский,Палуж 2-Й
Могилевская,Климовичский,Родня
Могилевская,Климовичский,Силичи
Могилевская,Климовичский,Судилы
Могилевская,Климовичский,Тимоново
Могилевская,Климовичский,Титовка
Могилевская,Климовичский,Ходунь
Могилевская,Кличевский,Бацевичи
Могилевская,Кличевский,Долгое
Могилевская,Кличевский,Закутье
Могилевская,Кличевский,Замочулье
Могилевская,Кличевский,Кличев
Могилевская,Кличевский,Колбча
Могилевская,Кличевский,Любаны
Могилевская,Кличевский,Несята
Могилевская,Кличевский,Стан
Могилевская,Кличевский,Стоялово
Могилевская,Кличевский,Усакино
Могилевская,Костюковичский,Белынковичи
Могилевская,Костюковичский,Большая Зимница
Могилевская,Костюковичский,Бороньки
Могилевская,Костюковичский,Великий Бор
Могилевская,Костюковичский,Ветухна
Могилевская,Костюковичский,Видуйцы
Могилевская,Костюковичский,Витунь
Могилевская,Костюковичский,Забычанье
Могилевская,Костюковичский,Каничи
Могилевская,Костюковичский,Колодезская
Могилевская,Костюковичский,Костюковичи
Могилевская,Костюковичский,Кривелицк
Могилевская,Костюковичский,Кульшичи
Могилевская,Костюковичский,Липовка
Могилевская,Костюковичский,Мартьяновичи
Могилевская,Костюковичский,Михеевичи
Могилевская,Костюковичский,Пролетарское
Могилевская,Костюковичский,Рогалино
Могилевская,Костюковичский,Селец
Могилевская,Костюковичский,Старые Максимовичи
Могилевская,Костюковичский,Студенец
Могилевская,Костюковичский,Травна
Могилевская,Костюковичский,Тупичино
Могилевская,Краснопольский,Выдренка
Могилевская,Краснопольский,Городецкая
Могилевская,Краснопольский,Горы
Могилевская,Краснопольский,Копани
Могилевская,Краснопольский,Краснополье
Могилевская,Краснопольский,Мхиничи
Могилевская,Краснопольский,Почепы
Могилевская,Кричевский,Вишни
Могилевская,Кричевский,Волчас
Могилевская,Кричевский,Дяговичи
Могилевская,Кричевский,Кожемякино
Могилевская,Кричевский,Кричев
Могилевская,Кричевский,Кучин
Могилевская,Кричевский,Лобковичи
Могилевская,Кричевский,Молятичи
Могилевская,Кричевский,Монастырек
Могилевская,Кричевский,Осовец
Могилевская,Кричевский,Усушек
Могилевская,Круглянский,Ельковщина
Могилевская,Круглянский,Комсеничи
Могилевская,Круглянский,Круглое
Могилевская,Круглянский,Круча
Могилевская,Круглянский,Павловичи
Могилевская,Круглянский,Старые Чемоданы
Могилевская,Круглянский,Филатово
Могилевская,Круглянский,Шепелевичи
Могилевская,Могилевский,Большая Мощаница
Могилевская,Могилевский,Большие Белевичи
Могилевская,Могилевский,Браково
Могилевская,Могилевский,Брыли
Могилевская,Могилевский,Вендорож
Могилевская,Могилевский,Вьюн
Могилевская,Могилевский,Дашковка
Могилевская,Могилевский,Ждановичи
Могилевская,Могилевский,Журбин
Могилевская,Могилевский,Ильковичи
Могилевская,Могилевский,Каменица
Могилевская,Могилевский,Княжицы
Могилевская,Могилевский,Красница
Могилевская,Могилевский,Крынка
Могилевская,Могилевский,Личинка
Могилевская,Могилевский,Махово
Могилевская,Могилевский,Межисятки
Могилевская,Могилевский,Мосток
Могилевская,Могилевский,Осман-Касаево
Могилевская,Могилевский,Полыковичи
Могилевская,Могилевский,Самотевичи
Могилевская,Могилевский,Сидоровичи
Могилевская,Могилевский,Сухари
Могилевская,Мстиславский,Барчицы
Могилевская,Мстиславский,Бастеновичи
Могилевская,Мстиславский,Бахань
Могилевская,Мстиславский,Большое Хоново
Могилевская,Мстиславский,Борисовщина
Могилевская,Мстиславский,Борколабово
Могилевская,Мстиславский,Голынец 1-й
Могилевская,Мстиславский,Дедня
Могилевская,Мстиславский,Долговичи
Могилевская,Мстиславский,Дроковка
Могилевская,Мстиславский,Дулебка
Могилевская,Мстиславский,Зимницы
Могилевская,Мстиславский,Иванищевичи
Могилевская,Мстиславский,Курманово
Могилевская,Мстиславский,Мстиславль
Могилевская,Мстиславский,Парадино
Могилевская,Мстиславский,Пацова Слобода
Могилевская,Мстиславский,Переволочная
Могилевская,Мстиславский,Плещицы
Могилевская,Мстиславский,Подлужье
Могилевская,Мстиславский,Савиничи
Могилевская,Мстиславский,Саприновичи
Могилевская,Мстиславский,Смолица
Могилевская,Мстиславский,Столпище
Могилевская,Мстиславский,Темровичи
Могилевская,Мстиславский,Ходосы
Могилевская,Мстиславский,Хоньковичи
Могилевская,Мстиславский,Хотиловичи
Могилевская,Мстиславский,Шамовщина
Могилевская,Осиповичский,Березяки
Могилевская,Осиповичский,Верейцы
Могилевская,Осиповичский,Воевичи
Могилевская,Осиповичский,Вязовница
Могилевская,Осиповичский,Вязье
Могилевская,Осиповичский,Гродзянка
Могилевская,Осиповичский,Дараганово
Могилевская,Осиповичский,Елизово
Могилевская,Осиповичский,Каменичи
Могилевская,Осиповичский,Корытное
Могилевская,Осиповичский,Лапичи
Могилевская,Осиповичский,Липень
Могилевская,Осиповичский,Мошенаки
Могилевская,Осиповичский,Новое Прибужье
Могилевская,Осиповичский,Осиповичи
Могилевская,Осиповичский,Свислочь
Могилевская,Осиповичский,Татарка
Могилевская,Осиповичский,Ясень
Могилевская,Славгородский,Березовка
Могилевская,Славгородский,Васьковичи
Могилевская,Славгородский,Вильчицы
Могилевская,Славгородский,Гайшин
Могилевская,Славгородский,Гиженка
Могилевская,Славгородский,Каменка
Могилевская,Славгородский,Лопатичи
Могилевская,Славгородский,Рабовичи
Могилевская,Славгородский,Ректа
Могилевская,Славгородский,Славгород
Могилевская,Славгородский,Шеломы
Могилевская,Хотимский,Батаево
Могилевская,Хотимский,Березки
Могилевская,Хотимский,Беседовичи
Могилевская,Хотимский,Боханы
Могилевская,Хотимский,Еловец
Могилевская,Хотимский,Ельня
Могилевская,Хотимский,Тростино
Могилевская,Хотимский,Хотимск
Могилевская,Чауский,Благовичи
Могилевская,Чауский,Волковичи
Могилевская,Чауский,Головенчицы
Могилевская,Чауский,Горбовичи
Могилевская,Чауский,Долгий Мох
Могилевская,Чауский,Петуховка
Могилевская,Чауский,Путьки
Могилевская,Чауский,Чаусы
Могилевская,Чериковский,Веприн
Могилевская,Чериковский,Веремейки
Могилевская,Чериковский,Глинь
Могилевская,Чериковский,Речица
Могилевская,Чериковский,Чериков
Могилевская,Чериковский,Чудяны
Могилевская,Чериковский,Шароевка
Могилевская,Шкловский,Барсуки
Могилевская,Шкловский,Высокое
Могилевская,Шкловский,Евдокимовичи
Могилевская,Шкловский,Забродье
Могилевская,Шкловский,Каменные Лавы
Могилевская,Шкловский,Копысица
Могилевская,Шкловский,Косаричи
Могилевская,Шкловский,Любиничи
Могилевская,Шкловский,Никитиничи
Могилевская,Шкловский,Ордать
Могилевская,Шкловский,Полоница
Могилевская,Шкловский,Старая Водва
Могилевская,Шкловский,Тудорово
Могилевская,Шкловский,Уланово
Могилевская,Шкловский,Черневка
Могилевская,Шкловский,Шклов
